Workbook
Name valuevx: 42.314159

Sheet 2025
B1: 2025 | AA1: Notes
B3: January | J3: February | R3: March
B4: Su | C4: M | D4: Tu | E4: W | F4: Th | G4: F | H4: Sa | J4: Su | K4: M | L4: Tu | M4: W | N4: Th | O4: F | P4: Sa | R4: Su | S4: M | T4: Tu | U4: W | V4: Th | W4: F | X4: Sa
E5: 1 | F5: 2 | G5: 3 | H5: 4 | P5: 1 | X5: 1
B6: 5 | C6: 6 | D6: 7 | E6: 8 | F6: 9 | G6: 10 | H6: 11 | J6: 2 | K6: 3 | L6: 4 | M6: 5 | N6: 6 | O6: 7 | P6: 8 | R6: 2 | S6: 3 | T6: 4 | U6: 5 | V6: 6 | W6: 7 | X6: 8
B7: 12 | C7: 13 | D7: 14 | E7: 15 | F7: 16 | G7: 17 | H7: 18 | J7: 9 | K7: 10 | L7: 11 | M7: 12 | N7: 13 | O7: 14 | P7: 15 | R7: 9 | S7: 10 | T7: 11 | U7: 12 | V7: 13 | W7: 14 | X7: 15
B8: 19 | C8: 20 | D8: 21 | E8: 22 | F8: 23 | G8: 24 | H8: 25 | J8: 16 | K8: 17 | L8: 18 | M8: 19 | N8: 20 | O8: 21 | P8: 22 | R8: 16 | S8: 17 | T8: 18 | U8: 19 | V8: 20 | W8: 21 | X8: 22
B9: 26 | C9: 27 | D9: 28 | E9: 29 | F9: 30 | G9: 31 | J9: 23 | K9: 24 | L9: 25 | M9: 26 | N9: 27 | O9: 28 | R9: 23 | S9: 24 | T9: 25 | U9: 26 | V9: 27 | W9: 28 | X9: 29
R10: 30 | S10: 31
B12: April | J12: May | R12: June
B13: Su | C13: M | D13: Tu | E13: W | F13: Th | G13: F | H13: Sa | J13: Su | K13: M | L13: Tu | M13: W | N13: Th | O13: F | P13: Sa | R13: Su | S13: M | T13: Tu | U13: W | V13: Th | W13: F | X13: Sa
D14: 1 | E14: 2 | F14: 3 | G14: 4 | H14: 5 | N14: 1 | O14: 2 | P14: 3 | R14: 1 | S14: 2 | T14: 3 | U14: 4 | V14: 5 | W14: 6 | X14: 7
B15: 6 | C15: 7 | D15: 8 | E15: 9 | F15: 10 | G15: 11 | H15: 12 | J15: 4 | K15: 5 | L15: 6 | M15: 7 | N15: 8 | O15: 9 | P15: 10 | R15: 8 | S15: 9 | T15: 10 | U15: 11 | V15: 12 | W15: 13 | X15: 14
B16: 13 | C16: 14 | D16: 15 | E16: 16 | F16: 17 | G16: 18 | H16: 19 | J16: 11 | K16: 12 | L16: 13 | M16: 14 | N16: 15 | O16: 16 | P16: 17 | R16: 15 | S16: 16 | T16: 17 | U16: 18 | V16: 19 | W16: 20 | X16: 21
B17: 20 | C17: 21 | D17: 22 | E17: 23 | F17: 24 | G17: 25 | H17: 26 | J17: 18 | K17: 19 | L17: 20 | M17: 21 | N17: 22 | O17: 23 | P17: 24 | R17: 22 | S17: 23 | T17: 24 | U17: 25 | V17: 26 | W17: 27 | X17: 28
B18: 27 | C18: 28 | D18: 29 | E18: 30 | J18: 25 | K18: 26 | L18: 27 | M18: 28 | N18: 29 | O18: 30 | P18: 31 | R18: 29 | S18: 30
B21: July | J21: August | R21: September
B22: Su | C22: M | D22: Tu | E22: W | F22: Th | G22: F | H22: Sa | J22: Su | K22: M | L22: Tu | M22: W | N22: Th | O22: F | P22: Sa | R22: Su | S22: M | T22: Tu | U22: W | V22: Th | W22: F | X22: Sa
D23: 1 | E23: 2 | F23: 3 | G23: 4 | H23: 5 | O23: 1 | P23: 2 | S23: 1 | T23: 2 | U23: 3 | V23: 4 | W23: 5 | X23: 6
B24: 6 | C24: 7 | D24: 8 | E24: 9 | F24: 10 | G24: 11 | H24: 12 | J24: 3 | K24: 4 | L24: 5 | M24: 6 | N24: 7 | O24: 8 | P24: 9 | R24: 7 | S24: 8 | T24: 9 | U24: 10 | V24: 11 | W24: 12 | X24: 13
B25: 13 | C25: 14 | D25: 15 | E25: 16 | F25: 17 | G25: 18 | H25: 19 | J25: 10 | K25: 11 | L25: 12 | M25: 13 | N25: 14 | O25: 15 | P25: 16 | R25: 14 | S25: 15 | T25: 16 | U25: 17 | V25: 18 | W25: 19 | X25: 20
B26: 20 | C26: 21 | D26: 22 | E26: 23 | F26: 24 | G26: 25 | H26: 26 | J26: 17 | K26: 18 | L26: 19 | M26: 20 | N26: 21 | O26: 22 | P26: 23 | R26: 21 | S26: 22 | T26: 23 | U26: 24 | V26: 25 | W26: 26 | X26: 27
B27: 27 | C27: 28 | D27: 29 | E27: 30 | F27: 31 | J27: 24 | K27: 25 | L27: 26 | M27: 27 | N27: 28 | O27: 29 | P27: 30 | R27: 28 | S27: 29 | T27: 30
J28: 31
B30: October | J30: November | R30: December
B31: Su | C31: M | D31: Tu | E31: W | F31: Th | G31: F | H31: Sa | J31: Su | K31: M | L31: Tu | M31: W | N31: Th | O31: F | P31: Sa | R31: Su | S31: M | T31: Tu | U31: W | V31: Th | W31: F | X31: Sa
E32: 1 | F32: 2 | G32: 3 | H32: 4 | P32: 1 | S32: 1 | T32: 2 | U32: 3 | V32: 4 | W32: 5 | X32: 6
B33: 5 | C33: 6 | D33: 7 | E33: 8 | F33: 9 | G33: 10 | H33: 11 | J33: 2 | K33: 3 | L33: 4 | M33: 5 | N33: 6 | O33: 7 | P33: 8 | R33: 7 | S33: 8 | T33: 9 | U33: 10 | V33: 11 | W33: 12 | X33: 13
B34: 12 | C34: 13 | D34: 14 | E34: 15 | F34: 16 | G34: 17 | H34: 18 | J34: 9 | K34: 10 | L34: 11 | M34: 12 | N34: 13 | O34: 14 | P34: 15 | R34: 14 | S34: 15 | T34: 16 | U34: 17 | V34: 18 | W34: 19 | X34: 20
B35: 19 | C35: 20 | D35: 21 | E35: 22 | F35: 23 | G35: 24 | H35: 25 | J35: 16 | K35: 17 | L35: 18 | M35: 19 | N35: 20 | O35: 21 | P35: 22 | R35: 21 | S35: 22 | T35: 23 | U35: 24 | V35: 25 | W35: 26 | X35: 27
B36: 26 | C36: 27 | D36: 28 | E36: 29 | F36: 30 | G36: 31 | J36: 23 | K36: 24 | L36: 25 | M36: 26 | N36: 27 | O36: 28 | P36: 29 | Q36: {42} | R36: 28 | S36: 29 | T36: 30 | U36: 31
J37: 30

Sheet Jan
A1: JANUARY 2025
A2: Sunday | C2: Monday | E2: Tuesday | G2: Wednesday | I2: Thursday | K2: Friday | M2: Saturday
G3: 45658 | H3: NEW YEAR'S DAY | I3: 45659 | J3: WD | K3: 45660 | L3: WD | M3: 45661
A9: 45662 | C9: 45663 | D9: WD | E9: 45664 | F9: WD | G9: 45665 | H9: WD | I9: 45666 | J9: WD | K9: 45667 | L9: WD | M9: 45668
A15: 45669 | C15: 45670 | D15: WD | E15: 45671 | F15: WD | G15: 45672 | H15: WD | I15: 45673 | J15: WD | K15: 45674 | L15: WD | M15: 45675
A21: 45676 | C21: 45677 | D21: WD | E21: 45678 | F21: WD | G21: 45679 | H21: WD | I21: 45680 | J21: WD | K21: 45681 | L21: WD | M21: 45682
A27: 45683 | C27: 45684 | D27: WD | E27: 45685 | F27: WD | G27: 45686 | H27: CHINESE NEW YEAR | I27: 45687 | J27: CHINESE NEW YEAR | K27: 45688 | L27: WD
K33: =COUNTIF(A3:N32, "*WD*") & " Working Days" -> 20 Working Days
K34: JGA | M34: =COUNTIF(A3:N32, "*WD*") -> 20 | N34: ="RM " & TEXT(_xlfn.XLOOKUP(K34,DATABASE!$D$1:$D$6,DATABASE!$E$1:$E$6)*$M$34, "0.00") -> RM 6000.00
K35: JGB/JG8 | N35: ="RM " & TEXT(_xlfn.XLOOKUP(K35,DATABASE!$D$1:$D$6,DATABASE!$E$1:$E$6)*$M$34, "0.00") -> RM 5000.00
K36: JG7 | N36: ="RM " & TEXT(_xlfn.XLOOKUP(K36,DATABASE!$D$1:$D$6,DATABASE!$E$1:$E$6)*$M$34, "0.00") -> RM 4000.00
K37: JG6 | N37: ="RM " & TEXT(_xlfn.XLOOKUP(K37,DATABASE!$D$1:$D$6,DATABASE!$E$1:$E$6)*$M$34, "0.00") -> RM 3000.00
J38: {42} | K38: JG5 | N38: ="RM " & TEXT(_xlfn.XLOOKUP(K38,DATABASE!$D$1:$D$6,DATABASE!$E$1:$E$6)*$M$34, "0.00") -> RM 1000.00

Sheet Feb
A1: FEBRUARY 2025
A2: Sunday | C2: Monday | E2: Tuesday | G2: Wednesday | I2: Thursday | K2: Friday | M2: Saturday
M3: 45689
A9: 45690 | C9: 45691 | D9: WD | E9: 45692 | F9: WD | G9: 45693 | H9: WD | I9: 45694 | J9: WD | K9: 45695 | L9: WD | M9: 45696
A15: 45697 | C15: 45698 | D15: WD | E15: 45699 | F15: WD | G15: 45700 | H15: WD | I15: 45701 | J15: WD | K15: 45702 | L15: WD | M15: 45703
A21: 45704 | C21: 45705 | D21: WD | E21: 45706 | F21: WD | G21: 45707 | H21: WD | I21: 45708 | J21: WD | K21: 45709 | L21: WD | M21: 45710
A27: 45711 | C27: 45712 | D27: WD | E27: 45713 | F27: WD | G27: 45714 | H27: WD | I27: 45715 | J27: WD | K27: 45716 | L27: WD
K33: =COUNTIF(A3:N32, "*WD*") & " Working Days" -> 20 Working Days
K34: JGA | M34: =COUNTIF(A3:N32, "*WD*") -> 20 | N34: ="RM " & TEXT(_xlfn.XLOOKUP(K34,DATABASE!$D$1:$D$6,DATABASE!$E$1:$E$6)*$M$34, "0.00") -> RM 6000.00
K35: JGB/JG8 | N35: ="RM " & TEXT(_xlfn.XLOOKUP(K35,DATABASE!$D$1:$D$6,DATABASE!$E$1:$E$6)*$M$34, "0.00") -> RM 5000.00
K36: JG7 | N36: ="RM " & TEXT(_xlfn.XLOOKUP(K36,DATABASE!$D$1:$D$6,DATABASE!$E$1:$E$6)*$M$34, "0.00") -> RM 4000.00
K37: JG6 | N37: ="RM " & TEXT(_xlfn.XLOOKUP(K37,DATABASE!$D$1:$D$6,DATABASE!$E$1:$E$6)*$M$34, "0.00") -> RM 3000.00
J38: {42} | K38: JG5 | N38: ="RM " & TEXT(_xlfn.XLOOKUP(K38,DATABASE!$D$1:$D$6,DATABASE!$E$1:$E$6)*$M$34, "0.00") -> RM 1000.00

Sheet Mar
A1: MARCH 2025
A2: Sunday | C2: Monday | E2: Tuesday | G2: Wednesday | I2: Thursday | K2: Friday | M2: Saturday
M3: 45717
A9: 45718 | C9: 45719 | D9: WD | E9: 45720 | F9: WD | G9: 45721 | H9: WD | I9: 45722 | J9: WD | K9: 45723 | L9: WD | M9: 45724
A15: 45725 | C15: 45726 | D15: WD | E15: 45727 | F15: WD | G15: 45728 | H15: WD | I15: 45729 | J15: WD | K15: 45730 | L15: WD | M15: 45731
A21: 45732 | C21: 45733 | D21: WD | E21: 45734 | F21: WD | G21: 45735 | H21: WD | I21: 45736 | J21: WD | K21: 45737 | L21: WD | M21: 45738
A27: 45739 | C27: 45740 | D27: WD | E27: 45741 | F27: WD | G27: 45742 | H27: WD | I27: 45743 | J27: WD | K27: 45744 | L27: WD | M27: 45745
A33: 45746 | C33: 45747 | D33: Hari Raya Aidilfitri | K33: =COUNTIF(A3:N32, "*WD*") & " Working Days" -> 20 Working Days
K34: JGA | M34: =COUNTIF(A3:N32, "*WD*") -> 20 | N34: ="RM " & TEXT(_xlfn.XLOOKUP(K34,DATABASE!$D$1:$D$6,DATABASE!$E$1:$E$6)*$M$34, "0.00") -> RM 6000.00
K35: JGB/JG8 | N35: ="RM " & TEXT(_xlfn.XLOOKUP(K35,DATABASE!$D$1:$D$6,DATABASE!$E$1:$E$6)*$M$34, "0.00") -> RM 5000.00
K36: JG7 | N36: ="RM " & TEXT(_xlfn.XLOOKUP(K36,DATABASE!$D$1:$D$6,DATABASE!$E$1:$E$6)*$M$34, "0.00") -> RM 4000.00
K37: JG6 | N37: ="RM " & TEXT(_xlfn.XLOOKUP(K37,DATABASE!$D$1:$D$6,DATABASE!$E$1:$E$6)*$M$34, "0.00") -> RM 3000.00
J38: {42} | K38: JG5 | N38: ="RM " & TEXT(_xlfn.XLOOKUP(K38,DATABASE!$D$1:$D$6,DATABASE!$E$1:$E$6)*$M$34, "0.00") -> RM 1000.00

Sheet Apr
A1: APRIL 2025
A2: Sunday | C2: Monday | E2: Tuesday | G2: Wednesday | I2: Thursday | K2: Friday | M2: Saturday
E3: 45748 | F3: Hari Raya Aidilfitri | G3: 45749 | H3: SABAH TYT BIRTHDAY | I3: 45750 | J3: WD | K3: 45751 | L3: WD | M3: 45752
A9: 45753 | C9: 45754 | D9: WD | E9: 45755 | F9: WD | G9: 45756 | H9: WD | I9: 45757 | J9: WD | K9: 45758 | L9: WD | M9: 45759
A15: 45760 | C15: 45761 | D15: WD | E15: 45762 | F15: WD | G15: 45763 | H15: WD | I15: 45764 | J15: WD | K15: 45765 | L15: GOOD FRIDAY | M15: 45766
A21: 45767 | C21: 45768 | D21: WD | E21: 45769 | F21: WD | G21: 45770 | H21: WD | I21: 45771 | J21: WD | K21: 45772 | L21: WD | M21: 45773
A27: 45774 | C27: 45775 | D27: WD | E27: 45776 | F27: WD | G27: 45777 | H27: WD
K33: =COUNTIF(A3:N32, "*WD*") & " Working Days" -> 19 Working Days
K34: JGA | M34: =COUNTIF(A3:N32, "*WD*") -> 19 | N34: ="RM " & TEXT(_xlfn.XLOOKUP(K34,DATABASE!$D$1:$D$6,DATABASE!$E$1:$E$6)*$M$34, "0.00") -> RM 5700.00
K35: JGB/JG8 | N35: ="RM " & TEXT(_xlfn.XLOOKUP(K35,DATABASE!$D$1:$D$6,DATABASE!$E$1:$E$6)*$M$34, "0.00") -> RM 4750.00
K36: JG7 | N36: ="RM " & TEXT(_xlfn.XLOOKUP(K36,DATABASE!$D$1:$D$6,DATABASE!$E$1:$E$6)*$M$34, "0.00") -> RM 3800.00
K37: JG6 | N37: ="RM " & TEXT(_xlfn.XLOOKUP(K37,DATABASE!$D$1:$D$6,DATABASE!$E$1:$E$6)*$M$34, "0.00") -> RM 2850.00
J38: {42} | K38: JG5 | N38: ="RM " & TEXT(_xlfn.XLOOKUP(K38,DATABASE!$D$1:$D$6,DATABASE!$E$1:$E$6)*$M$34, "0.00") -> RM 950.00

Sheet May
A1: MAY 2025
A2: Sunday | C2: Monday | E2: Tuesday | G2: Wednesday | I2: Thursday | K2: Friday | M2: Saturday
I3: 45778 | J3: LABOUR DAY | K3: 45779 | L3: WD | M3: 45780
A9: 45781 | C9: 45782 | D9: WD | E9: 45783 | F9: WD | G9: 45784 | H9: WD | I9: 45785 | J9: WD | K9: 45786 | L9: WD | M9: 45787
A15: 45788 | C15: 45789 | D15: WESAK DAY | E15: 45790 | F15: WD | G15: 45791 | H15: WD | I15: 45792 | J15: WD | K15: 45793 | L15: WD | M15: 45794
A21: 45795 | C21: 45796 | D21: WD | E21: 45797 | F21: WD | G21: 45798 | H21: WD | I21: 45799 | J21: WD | K21: 45800 | L21: WD | M21: 45801
A27: 45802 | C27: 45803 | D27: WD | E27: 45804 | F27: WD | G27: 45805 | H27: WD | I27: 45806 | J27: WD | K27: 45807 | L27: HARVEST FESTIVAL | M27: 45808 | N27: HARVEST FESTIVAL
K33: =COUNTIF(A3:N32, "*WD*") & " Working Days" -> 19 Working Days
K34: JGA | M34: =COUNTIF(A3:N32, "*WD*") -> 19 | N34: ="RM " & TEXT(_xlfn.XLOOKUP(K34,DATABASE!$D$1:$D$6,DATABASE!$E$1:$E$6)*$M$34, "0.00") -> RM 5700.00
K35: JGB/JG8 | N35: ="RM " & TEXT(_xlfn.XLOOKUP(K35,DATABASE!$D$1:$D$6,DATABASE!$E$1:$E$6)*$M$34, "0.00") -> RM 4750.00
K36: JG7 | N36: ="RM " & TEXT(_xlfn.XLOOKUP(K36,DATABASE!$D$1:$D$6,DATABASE!$E$1:$E$6)*$M$34, "0.00") -> RM 3800.00
K37: JG6 | N37: ="RM " & TEXT(_xlfn.XLOOKUP(K37,DATABASE!$D$1:$D$6,DATABASE!$E$1:$E$6)*$M$34, "0.00") -> RM 2850.00
J38: {42} | K38: JG5 | N38: ="RM " & TEXT(_xlfn.XLOOKUP(K38,DATABASE!$D$1:$D$6,DATABASE!$E$1:$E$6)*$M$34, "0.00") -> RM 950.00

Sheet Jun
A1: JUNE 2025
A2: Sunday | C2: Monday | E2: Tuesday | G2: Wednesday | I2: Thursday | K2: Friday | M2: Saturday
A3: 45809 | C3: 45810 | D3: THE YANG DI-PERTUAN AGONG'S BIRTHDAY | E3: 45811 | F3: WD | G3: 45812 | H3: WD | I3: 45813 | J3: WD | K3: 45814 | L3: WD | M3: 45815 | N3: HARI RAYA HAJI
A9: 45816 | C9: 45817 | D9: WD | E9: 45818 | F9: WD | G9: 45819 | H9: WD | I9: 45820 | J9: WD | K9: 45821 | L9: WD | M9: 45822
A15: 45823 | C15: 45824 | D15: WD | E15: 45825 | F15: WD | G15: 45826 | H15: WD | I15: 45827 | J15: WD | K15: 45828 | L15: WD | M15: 45829
A21: 45830 | C21: 45831 | D21: WD | E21: 45832 | F21: WD | G21: 45833 | H21: WD | I21: 45834 | J21: WD | K21: 45835 | L21: AWAL MUHARRAM | M21: 45836
A27: 45837 | C27: 45838 | D27: WD
K33: =COUNTIF(A3:N32, "*WD*") & " Working Days" -> 19 Working Days
K34: JGA | M34: =COUNTIF(A3:N32, "*WD*") -> 19 | N34: ="RM " & TEXT(_xlfn.XLOOKUP(K34,DATABASE!$D$1:$D$6,DATABASE!$E$1:$E$6)*$M$34, "0.00") -> RM 5700.00
K35: JGB/JG8 | N35: ="RM " & TEXT(_xlfn.XLOOKUP(K35,DATABASE!$D$1:$D$6,DATABASE!$E$1:$E$6)*$M$34, "0.00") -> RM 4750.00
K36: JG7 | N36: ="RM " & TEXT(_xlfn.XLOOKUP(K36,DATABASE!$D$1:$D$6,DATABASE!$E$1:$E$6)*$M$34, "0.00") -> RM 3800.00
K37: JG6 | N37: ="RM " & TEXT(_xlfn.XLOOKUP(K37,DATABASE!$D$1:$D$6,DATABASE!$E$1:$E$6)*$M$34, "0.00") -> RM 2850.00
J38: {42} | K38: JG5 | N38: ="RM " & TEXT(_xlfn.XLOOKUP(K38,DATABASE!$D$1:$D$6,DATABASE!$E$1:$E$6)*$M$34, "0.00") -> RM 950.00

Sheet Jul
A1: JULY 2025
A2: Sunday | C2: Monday | E2: Tuesday | G2: Wednesday | I2: Thursday | K2: Friday | M2: Saturday
E3: 45839 | F3: WD | G3: 45840 | H3: WD | I3: 45841 | J3: WD | K3: 45842 | L3: WD | M3: 45843
A9: 45844 | C9: 45845 | D9: WD | E9: 45846 | F9: WD | G9: 45847 | H9: WD | I9: 45848 | J9: WD | K9: 45849 | L9: WD | M9: 45850
A15: 45851 | C15: 45852 | D15: WD | E15: 45853 | F15: WD | G15: 45854 | H15: WD | I15: 45855 | J15: WD | K15: 45856 | L15: WD | M15: 45857
A21: 45858 | C21: 45859 | D21: WD | E21: 45860 | F21: WD | G21: 45861 | H21: WD | I21: 45862 | J21: WD | K21: 45863 | L21: WD | M21: 45864
A27: 45865 | C27: 45866 | D27: WD | E27: 45867 | F27: WD | G27: 45868 | H27: WD | I27: 45869 | J27: WD
K33: =COUNTIF(A3:N32, "*WD*") & " Working Days" -> 23 Working Days
K34: JGA | M34: =COUNTIF(A3:N32, "*WD*") -> 23 | N34: ="RM " & TEXT(_xlfn.XLOOKUP(K34,DATABASE!$D$1:$D$6,DATABASE!$E$1:$E$6)*$M$34, "0.00") -> RM 6900.00
K35: JGB/JG8 | N35: ="RM " & TEXT(_xlfn.XLOOKUP(K35,DATABASE!$D$1:$D$6,DATABASE!$E$1:$E$6)*$M$34, "0.00") -> RM 5750.00
K36: JG7 | N36: ="RM " & TEXT(_xlfn.XLOOKUP(K36,DATABASE!$D$1:$D$6,DATABASE!$E$1:$E$6)*$M$34, "0.00") -> RM 4600.00
K37: JG6 | N37: ="RM " & TEXT(_xlfn.XLOOKUP(K37,DATABASE!$D$1:$D$6,DATABASE!$E$1:$E$6)*$M$34, "0.00") -> RM 3450.00
J38: {42} | K38: JG5 | N38: ="RM " & TEXT(_xlfn.XLOOKUP(K38,DATABASE!$D$1:$D$6,DATABASE!$E$1:$E$6)*$M$34, "0.00") -> RM 1150.00

Sheet Aug
A1: AUGUST 2025
A2: Sunday | C2: Monday | E2: Tuesday | G2: Wednesday | I2: Thursday | K2: Friday | M2: Saturday
K3: 45870 | L3: WD | M3: 45871
A9: 45872 | C9: 45873 | D9: WD | E9: 45874 | F9: WD | G9: 45875 | H9: WD | I9: 45876 | J9: WD | K9: 45877 | L9: WD | M9: 45878
A15: 45879 | C15: 45880 | D15: WD | E15: 45881 | F15: WD | G15: 45882 | H15: WD | I15: 45883 | J15: WD | K15: 45884 | L15: WD | M15: 45885
A21: 45886 | C21: 45887 | D21: WD | E21: 45888 | F21: WD | G21: 45889 | H21: WD | I21: 45890 | J21: WD | K21: 45891 | L21: WD | M21: 45892
A27: 45893 | C27: 45894 | D27: WD | E27: 45895 | F27: WD | G27: 45896 | H27: WD | I27: 45897 | J27: WD | K27: 45898 | L27: WD | M27: 45899
A33: 45900 | B33: NATIONAL DAY | K33: =COUNTIF(A3:N32, "*WD*") & " Working Days" -> 21 Working Days
K34: JGA | M34: =COUNTIF(A3:N32, "*WD*") -> 21 | N34: ="RM " & TEXT(_xlfn.XLOOKUP(K34,DATABASE!$D$1:$D$6,DATABASE!$E$1:$E$6)*$M$34, "0.00") -> RM 6300.00
K35: JGB/JG8 | N35: ="RM " & TEXT(_xlfn.XLOOKUP(K35,DATABASE!$D$1:$D$6,DATABASE!$E$1:$E$6)*$M$34, "0.00") -> RM 5250.00
K36: JG7 | N36: ="RM " & TEXT(_xlfn.XLOOKUP(K36,DATABASE!$D$1:$D$6,DATABASE!$E$1:$E$6)*$M$34, "0.00") -> RM 4200.00
K37: JG6 | N37: ="RM " & TEXT(_xlfn.XLOOKUP(K37,DATABASE!$D$1:$D$6,DATABASE!$E$1:$E$6)*$M$34, "0.00") -> RM 3150.00
J38: {42} | K38: JG5 | N38: ="RM " & TEXT(_xlfn.XLOOKUP(K38,DATABASE!$D$1:$D$6,DATABASE!$E$1:$E$6)*$M$34, "0.00") -> RM 1050.00

Sheet Sep
A1: SEPTEMBER 2025
A2: Sunday | C2: Monday | E2: Tuesday | G2: Wednesday | I2: Thursday | K2: Friday | M2: Saturday
C3: 45901 | D3: WD | E3: 45902 | F3: MERDEKA DAY HOLIDAY | G3: 45903 | H3: WD | I3: 45904 | J3: WD | K3: 45905 | L3: THE PROPHET MUHAMMAD'S BIRTHDAY | M3: 45906
A9: 45907 | C9: 45908 | D9: WD | E9: 45909 | F9: WD | G9: 45910 | H9: WD | I9: 45911 | J9: WD | K9: 45912 | L9: WD | M9: 45913
A15: 45914 | C15: 45915 | D15: WD | E15: 45916 | F15: MALAYSIA DAY | G15: 45917 | H15: WD | I15: 45918 | J15: WD | K15: 45919 | L15: WD | M15: 45920
A21: 45921 | C21: 45922 | D21: WD | E21: 45923 | F21: WD | G21: 45924 | H21: WD | I21: 45925 | J21: WD | K21: 45926 | L21: WD | M21: 45927
A27: 45928 | C27: 45929 | D27: WD | E27: 45930 | F27: WD
K33: =COUNTIF(A3:N32, "*WD*") & " Working Days" -> 19 Working Days
K34: JGA | M34: =COUNTIF(A3:N32, "*WD*") -> 19 | N34: ="RM " & TEXT(_xlfn.XLOOKUP(K34,DATABASE!$D$1:$D$6,DATABASE!$E$1:$E$6)*$M$34, "0.00") -> RM 5700.00
K35: JGB/JG8 | N35: ="RM " & TEXT(_xlfn.XLOOKUP(K35,DATABASE!$D$1:$D$6,DATABASE!$E$1:$E$6)*$M$34, "0.00") -> RM 4750.00
K36: JG7 | N36: ="RM " & TEXT(_xlfn.XLOOKUP(K36,DATABASE!$D$1:$D$6,DATABASE!$E$1:$E$6)*$M$34, "0.00") -> RM 3800.00
K37: JG6 | N37: ="RM " & TEXT(_xlfn.XLOOKUP(K37,DATABASE!$D$1:$D$6,DATABASE!$E$1:$E$6)*$M$34, "0.00") -> RM 2850.00
J38: {42} | K38: JG5 | N38: ="RM " & TEXT(_xlfn.XLOOKUP(K38,DATABASE!$D$1:$D$6,DATABASE!$E$1:$E$6)*$M$34, "0.00") -> RM 950.00

Sheet Oct
A1: OCTOBER 2025
A2: Sunday | C2: Monday | E2: Tuesday | G2: Wednesday | I2: Thursday | K2: Friday | M2: Saturday
G3: 45931 | H3: WD | I3: 45932 | J3: WD | K3: 45933 | L3: WD | M3: 45934 | N3: SABAH GOVERNOR'S BIRTHDAY
A9: 45935 | C9: 45936 | D9: WD | E9: 45937 | F9: WD | G9: 45938 | H9: WD | I9: 45939 | J9: WD | K9: 45940 | L9: WD | M9: 45941
A15: 45942 | C15: 45943 | D15: WD | E15: 45944 | F15: WD | G15: 45945 | H15: WD | I15: 45946 | J15: WD | K15: 45947 | L15: WD | M15: 45948
A21: 45949 | C21: 45950 | D21: DEEPAVALI | E21: 45951 | F21: WD | G21: 45952 | H21: WD | I21: 45953 | J21: WD | K21: 45954 | L21: WD | M21: 45955
A27: 45956 | C27: 45957 | D27: WD | E27: 45958 | F27: WD | G27: 45959 | H27: WD | I27: 45960 | J27: WD | K27: 45961 | L27: WD
K33: =COUNTIF(A3:N32, "*WD*") & " Working Days" -> 22 Working Days
K34: JGA | M34: =COUNTIF(A3:N32, "*WD*") -> 22 | N34: ="RM " & TEXT(_xlfn.XLOOKUP(K34,DATABASE!$D$1:$D$6,DATABASE!$E$1:$E$6)*$M$34, "0.00") -> RM 6600.00
K35: JGB/JG8 | N35: ="RM " & TEXT(_xlfn.XLOOKUP(K35,DATABASE!$D$1:$D$6,DATABASE!$E$1:$E$6)*$M$34, "0.00") -> RM 5500.00
K36: JG7 | N36: ="RM " & TEXT(_xlfn.XLOOKUP(K36,DATABASE!$D$1:$D$6,DATABASE!$E$1:$E$6)*$M$34, "0.00") -> RM 4400.00
K37: JG6 | N37: ="RM " & TEXT(_xlfn.XLOOKUP(K37,DATABASE!$D$1:$D$6,DATABASE!$E$1:$E$6)*$M$34, "0.00") -> RM 3300.00
J38: {42} | K38: JG5 | N38: ="RM " & TEXT(_xlfn.XLOOKUP(K38,DATABASE!$D$1:$D$6,DATABASE!$E$1:$E$6)*$M$34, "0.00") -> RM 1100.00

Sheet Nov
A1: NOVEMBER 2025
A2: Sunday | C2: Monday | E2: Tuesday | G2: Wednesday | I2: Thursday | K2: Friday | M2: Saturday
M3: 45962
A9: 45963 | C9: 45964 | D9: WD | E9: 45965 | F9: WD | G9: 45966 | H9: WD | I9: 45967 | J9: WD | K9: 45968 | L9: WD | M9: 45969
A15: 45970 | C15: 45971 | D15: WD | E15: 45972 | F15: WD | G15: 45973 | H15: WD | I15: 45974 | J15: WD | K15: 45975 | L15: WD | M15: 45976
A21: 45977 | C21: 45978 | D21: WD | E21: 45979 | F21: WD | G21: 45980 | H21: WD | I21: 45981 | J21: WD | K21: 45982 | L21: WD | M21: 45983
A27: 45984 | C27: 45985 | D27: WD | E27: 45986 | F27: WD | G27: 45987 | H27: WD | I27: 45988 | J27: WD | K27: 45989 | L27: WD | M27: 45990
A33: 45991 | K33: =COUNTIF(A3:N32, "*WD*") & " Working Days" -> 20 Working Days
K34: JGA | M34: =COUNTIF(A3:N32, "*WD*") -> 20 | N34: ="RM " & TEXT(_xlfn.XLOOKUP(K34,DATABASE!$D$1:$D$6,DATABASE!$E$1:$E$6)*$M$34, "0.00") -> RM 6000.00
K35: JGB/JG8 | N35: ="RM " & TEXT(_xlfn.XLOOKUP(K35,DATABASE!$D$1:$D$6,DATABASE!$E$1:$E$6)*$M$34, "0.00") -> RM 5000.00
K36: JG7 | N36: ="RM " & TEXT(_xlfn.XLOOKUP(K36,DATABASE!$D$1:$D$6,DATABASE!$E$1:$E$6)*$M$34, "0.00") -> RM 4000.00
K37: JG6 | N37: ="RM " & TEXT(_xlfn.XLOOKUP(K37,DATABASE!$D$1:$D$6,DATABASE!$E$1:$E$6)*$M$34, "0.00") -> RM 3000.00
J38: {42} | K38: JG5 | N38: ="RM " & TEXT(_xlfn.XLOOKUP(K38,DATABASE!$D$1:$D$6,DATABASE!$E$1:$E$6)*$M$34, "0.00") -> RM 1000.00

Sheet Dec
A1: DECEMBER 2025
A2: Sunday | C2: Monday | E2: Tuesday | G2: Wednesday | I2: Thursday | K2: Friday | M2: Saturday
C3: 45992 | D3: =_xlfn.XLOOKUP(C3,'SABAH HOLIDAY LIVE'!$B:$B,'SABAH HOLIDAY LIVE'!$A:$A,"WD") -> WD | E3: 45993 | F3: =_xlfn.XLOOKUP(E3,'SABAH HOLIDAY LIVE'!$B:$B,'SABAH HOLIDAY LIVE'!$A:$A,"WD") -> WD | G3: 45994 | H3: =_xlfn.XLOOKUP(G3,'SABAH HOLIDAY LIVE'!$B:$B,'SABAH HOLIDAY LIVE'!$A:$A,"WD") -> WD | I3: 45995 | J3: =_xlfn.XLOOKUP(I3,'SABAH HOLIDAY LIVE'!$B:$B,'SABAH HOLIDAY LIVE'!$A:$A,"WD") -> WD | K3: 45996 | L3: =_xlfn.XLOOKUP(K3,'SABAH HOLIDAY LIVE'!$B:$B,'SABAH HOLIDAY LIVE'!$A:$A,"WD") -> WD | M3: 45997
A9: 45998 | C9: 45999 | D9: =_xlfn.XLOOKUP(C9,'SABAH HOLIDAY LIVE'!$B:$B,'SABAH HOLIDAY LIVE'!$A:$A,"WD") -> WD | E9: 46000 | F9: =_xlfn.XLOOKUP(E9,'SABAH HOLIDAY LIVE'!$B:$B,'SABAH HOLIDAY LIVE'!$A:$A,"WD") -> WD | G9: 46001 | H9: =_xlfn.XLOOKUP(G9,'SABAH HOLIDAY LIVE'!$B:$B,'SABAH HOLIDAY LIVE'!$A:$A,"WD") -> WD | I9: 46002 | J9: =_xlfn.XLOOKUP(I9,'SABAH HOLIDAY LIVE'!$B:$B,'SABAH HOLIDAY LIVE'!$A:$A,"WD") -> WD | K9: 46003 | L9: =_xlfn.XLOOKUP(K9,'SABAH HOLIDAY LIVE'!$B:$B,'SABAH HOLIDAY LIVE'!$A:$A,"WD") -> WD | M9: 46004
A15: 46005 | C15: 46006 | D15: =_xlfn.XLOOKUP(C15,'SABAH HOLIDAY LIVE'!$B:$B,'SABAH HOLIDAY LIVE'!$A:$A,"WD") -> WD | E15: 46007 | F15: =_xlfn.XLOOKUP(E15,'SABAH HOLIDAY LIVE'!$B:$B,'SABAH HOLIDAY LIVE'!$A:$A,"WD") -> WD | G15: 46008 | H15: WD | I15: 46009 | J15: =_xlfn.XLOOKUP(I15,'SABAH HOLIDAY LIVE'!$B:$B,'SABAH HOLIDAY LIVE'!$A:$A,"WD") -> WD | K15: 46010 | L15: =_xlfn.XLOOKUP(K15,'SABAH HOLIDAY LIVE'!$B:$B,'SABAH HOLIDAY LIVE'!$A:$A,"WD") -> WD | M15: 46011
A21: 46012 | C21: 46013 | D21: =_xlfn.XLOOKUP(C21,'SABAH HOLIDAY LIVE'!$B:$B,'SABAH HOLIDAY LIVE'!$A:$A,"WD") -> WD | E21: 46014 | F21: =_xlfn.XLOOKUP(E21,'SABAH HOLIDAY LIVE'!$B:$B,'SABAH HOLIDAY LIVE'!$A:$A,"WD") -> WD | G21: 46015 | H21: =_xlfn.XLOOKUP(G21,'SABAH HOLIDAY LIVE'!$B:$B,'SABAH HOLIDAY LIVE'!$A:$A,"WD") -> Christmas Eve | I21: 46016 | J21: =_xlfn.XLOOKUP(I21,'SABAH HOLIDAY LIVE'!$B:$B,'SABAH HOLIDAY LIVE'!$A:$A,"WD") -> Hari Krismas | K21: 46017 | L21: =_xlfn.XLOOKUP(K21,'SABAH HOLIDAY LIVE'!$B:$B,'SABAH HOLIDAY LIVE'!$A:$A,"WD") -> WD | M21: 46018
A27: 46019 | C27: 46020 | D27: =_xlfn.XLOOKUP(C27,'SABAH HOLIDAY LIVE'!$B:$B,'SABAH HOLIDAY LIVE'!$A:$A,"WD") -> WD | E27: 46021 | F27: =_xlfn.XLOOKUP(E27,'SABAH HOLIDAY LIVE'!$B:$B,'SABAH HOLIDAY LIVE'!$A:$A,"WD") -> WD | G27: 46022 | H27: =_xlfn.XLOOKUP(G27,'SABAH HOLIDAY LIVE'!$B:$B,'SABAH HOLIDAY LIVE'!$A:$A,"WD") -> WD
K33: =COUNTIF(A3:N32, "*WD*") & " Working Days" -> 21 Working Days
K34: JGA | M34: =COUNTIF(A3:N32, "*WD*") -> 21 | N34: ="RM " & TEXT(_xlfn.XLOOKUP(K34,DATABASE!$D$1:$D$6,DATABASE!$E$1:$E$6)*$M$34, "0.00") -> RM 6300.00
K35: JGB/JG8 | N35: ="RM " & TEXT(_xlfn.XLOOKUP(K35,DATABASE!$D$1:$D$6,DATABASE!$E$1:$E$6)*$M$34, "0.00") -> RM 5250.00
K36: JG7 | N36: ="RM " & TEXT(_xlfn.XLOOKUP(K36,DATABASE!$D$1:$D$6,DATABASE!$E$1:$E$6)*$M$34, "0.00") -> RM 4200.00
K37: JG6 | N37: ="RM " & TEXT(_xlfn.XLOOKUP(K37,DATABASE!$D$1:$D$6,DATABASE!$E$1:$E$6)*$M$34, "0.00") -> RM 3150.00
J38: {42} | K38: JG5 | N38: ="RM " & TEXT(_xlfn.XLOOKUP(K38,DATABASE!$D$1:$D$6,DATABASE!$E$1:$E$6)*$M$34, "0.00") -> RM 1050.00

Sheet DATABASE
A1: Date | B1: Day | C1: Holiday | D1: JGA | E1: 300
A2: 45658 | B2: Wed | C2: New Year's Day | D2: JGB/JG8 | E2: 250
A3: 45686 | B3: Wed | C3: Chinese New Year | D3: JG8 | E3: 250
A4: 45687 | B4: Thu | C4: Chinese New Year Holiday | D4: JG7 | E4: 200
A5: 45746 | B5: Sun | C5: Sabah Governor's Birthday | D5: JG6 | E5: 150
A6: 45747 | B6: Mon | C6: Hari Raya Aidilfitri | D6: JG5 | E6: 50
A7: 45748 | B7: Tue | C7: Hari Raya Aidilfitri Holiday
A8: 45765 | B8: Fri | C8: Good Friday
A9: 45778 | B9: Thu | C9: Labour Day
A10: 45789 | B10: Mon | C10: Wesak Day
A11: 45807 | B11: Fri | C11: Harvest Festival
A12: 45808 | B12: Sat | C12: Harvest Festival Holiday
A13: 45810 | B13: Mon | C13: Agong's Birthday
A14: 45815 | B14: Sat | C14: Hari Raya Haji
A15: 45835 | B15: Fri | C15: Awal Muharram
A16: 45900 | B16: Sun | C16: Merdeka Day
A17: 45901 | B17: Mon | C17: Merdeka Day Holiday
A18: 45905 | B18: Fri | C18: Prophet Muhammad's Birthday
... A22: 46016 | B22: Thu | C22: Christmas Day

Sheet SABAH HOLIDAY LIVE
A1: Column1 | B1: Column2
A3: Tahun Baharu | B3: 45658
A4: Tahun Baharu Cina | B4: 45686
A5: Tahun Baharu Cina (Hari Kedua) | B5: 45687
A6: Hari Jadi Yang di-Pertua Negeri Sabah | B6: 45746
A7: Hari Raya Puasa | B7: 45747
A8: Hari Raya Puasa (Hari kedua) | B8: 45748
A9: Good Friday | B9: 45765
A10: Hari Pekerja | B10: 45778
A11: Hari Wesak | B11: 45789
A12: Pesta Kaamatan (Pesta Menuai) | B12: 45807
A13: Pesta Kaamatan (Pesta Menuai) Hari Kedua | B13: 45808
A14: Hari Keputeraan Rasmi Seri Paduka Baginda Yang di-Pertuan Agong | B14: 45810
... A22: Hari Krismas | B22: 46016
